,city,Country,Monthly Transp Pass,Gas/liter,Utilities,Internet,3 bed aptt in City Center,3 bed aptt outside Center,Avg. Monthly Salary,Total_Grocery_Monthly,Expenses_outside_CC,Expense/Income
0,New York,United States,129.0,309.6,180.61,69.77,7146.84,4279.34,5944.31,420.0,5388.32,0.91
1,Los Angeles,United States,99.5,381.6,140.05,67.95,4630.53,3599.83,5456.15,315.64,4604.57,0.84
2,Chicago,United States,80.0,333.6,163.78,62.56,3972.22,2450.0,4819.49,283.44,3373.38,0.7
3,Miami,United States,111.0,268.8,156.11,62.69,4620.37,3175.0,4195.86,342.4,4116.0,0.98
4,Dallas,United States,96.0,273.6,170.42,69.3,3498.93,2434.73,5459.79,307.96,3352.01,0.61
5,Philadelphia,United States,96.0,288.0,166.22,67.55,3087.5,2141.18,4897.71,325.88,3084.83,0.63
6,Houston,United States,40.0,247.2,173.45,73.91,2941.19,1941.97,5063.25,263.44,2739.97,0.54
7,Atlanta,United States,95.0,242.4,213.22,73.7,3275.0,2203.08,4878.17,290.6,3118.0,0.64
8,Washington,United States,102.0,297.6,159.71,56.06,4600.0,3150.0,5907.32,337.96,4103.33,0.69
9,Boston,United States,90.0,295.2,185.0,60.95,4969.5,3339.66,5342.19,344.56,4315.37,0.81
10,Phoenix,United States,64.0,314.4,209.47,78.04,2711.17,2238.52,5090.45,289.76,3194.19,0.63
11,Seattle,United States,100.0,336.0,221.73,71.0,4174.86,3055.84,6292.34,377.32,4161.89,0.66
12,Detroit,United States,60.0,307.2,280.06,72.0,2716.67,1666.67,3926.67,305.48,2691.41,0.69
13,San Diego,United States,75.0,386.4,201.77,74.15,4332.25,3534.09,5924.47,331.72,4603.13,0.78
14,Minneapolis,United States,85.0,259.2,143.33,59.87,3322.5,2287.5,4963.79,291.88,3126.78,0.63
15,Tampa,United States,66.0,278.4,168.49,63.19,3480.89,2469.12,5289.14,300.8,3346.0,0.63
16,Denver,United States,114.0,276.0,158.16,73.23,3436.84,2571.58,5565.78,329.12,3522.09,0.63
17,Brooklyn,United States,127.0,295.2,132.48,64.21,4308.33,2875.0,4950.19,329.4,3823.29,0.77
18,Queens,United States,127.0,285.6,88.24,61.25,3550.0,2650.0,5000.0,288.68,3500.77,0.7
19,Baltimore,United States,74.0,254.4,148.18,78.91,3225.0,2350.0,5188.03,332.2,3237.69,0.62
20,Riverside,United States,40.0,362.4,246.39,82.22,3066.67,2633.33,3266.67,306.4,3670.74,1.12
21,Las Vegas,United States,60.0,336.0,187.27,90.3,2268.42,2010.18,3817.48,268.88,2952.63,0.77
22,Portland,United States,100.0,336.0,206.66,72.97,3242.64,2461.73,4599.72,339.84,3517.2,0.76
23,Sacramento,United States,100.0,376.8,261.38,72.44,3100.0,2500.0,4703.11,385.16,3695.78,0.79
24,Orlando,United States,50.0,276.0,165.59,74.52,3116.67,2231.64,5192.09,280.52,3078.27,0.59
25,Cleveland,United States,95.0,271.2,191.73,69.44,2600.0,1670.0,4435.33,349.44,2646.81,0.6
26,San Jose,United States,90.0,386.4,200.44,74.12,4283.33,3758.33,6808.52,322.96,4832.25,0.71
27,Pittsburgh,United States,97.5,297.6,199.46,68.05,2412.5,1718.18,4143.72,358.6,2739.39,0.66
28,Austin,United States,42.0,249.6,156.47,65.38,4032.69,2570.03,5494.29,288.6,3372.08,0.61
29,Cincinnati,United States,77.5,278.4,128.62,57.5,2925.0,1485.0,3621.99,276.4,2303.42,0.64
31,Indianapolis,United States,60.0,288.0,225.27,72.62,2537.5,1539.33,4562.61,322.04,2507.26,0.55
33,Columbus,United States,62.0,268.8,204.48,60.74,2561.54,1726.85,4403.89,278.76,2601.63,0.59
34,Charlotte,United States,88.0,276.0,149.11,68.86,3871.88,2250.0,5101.48,290.44,3122.41,0.61
35,Virginia Beach,United States,70.0,249.6,109.17,73.62,2950.0,2048.75,4178.0,293.44,2844.58,0.68
36,Bronx,United States,132.0,264.0,132.51,80.07,4300.0,2600.0,2000.0,304.28,3512.86,1.76
37,Milwaukee,United States,52.5,254.4,200.67,62.08,2156.86,1485.71,5043.75,251.32,2306.68,0.46
38,Providence,United States,40.0,307.2,174.48,57.8,2333.33,1733.33,4266.67,292.04,2604.85,0.61
39,Jacksonville,United States,47.5,283.2,139.05,68.45,2116.25,1796.15,4580.33,324.84,2659.19,0.58
40,Salt Lake City,United States,85.0,304.8,117.1,60.25,2777.53,2127.84,4396.98,254.0,2948.99,0.67
41,Nashville,United States,67.5,259.2,190.35,81.93,3923.08,2626.67,4812.25,365.08,3590.73,0.75
42,Richmond,United States,43.5,276.0,153.72,72.31,2088.89,1820.0,5760.89,250.76,2616.29,0.45
43,Memphis,United States,42.5,259.2,184.3,72.67,2337.5,1587.5,4647.22,254.08,2400.25,0.52
44,Raleigh,United States,20.0,273.6,188.64,66.42,3245.44,2532.56,4947.71,276.2,3357.42,0.68
45,Louisville,United States,35.0,273.6,194.69,60.83,1857.14,1412.5,4226.39,273.96,2250.58,0.53
46,New Orleans,United States,45.0,249.6,195.88,72.93,2998.33,2175.0,3405.25,329.6,3068.01,0.9
47,Oklahoma City,United States,50.0,256.8,235.41,75.88,2718.33,1212.5,3167.94,293.16,2123.75,0.67
48,Buffalo,United States,75.0,278.4,177.81,73.5,2225.0,1450.0,4264.26,285.44,2340.15,0.55
49,Bridgeport,United States,70.0,288.0,279.31,72.02,2797.5,2405.0,2890.0,395.88,3510.21,1.21
50,Hartford,United States,40.0,295.2,103.15,60.95,3500.0,2550.0,5133.33,321.84,3371.14,0.66
51,Fort Worth,United States,95.22,264.0,212.5,80.62,3025.0,1966.67,4479.5,326.2,2945.21,0.66
52,Tucson,United States,37.5,266.4,241.89,69.96,2125.0,1583.33,4063.33,285.8,2484.88,0.61
53,Omaha,United States,54.25,297.6,235.15,77.46,1650.0,1516.67,3772.0,296.36,2477.49,0.66
54,El Paso,United States,41.5,264.0,193.29,57.5,1556.0,1345.0,4338.43,249.44,2150.73,0.5
55,Honolulu,United States,75.0,328.8,282.08,66.61,3776.92,3125.0,4091.19,499.28,4376.77,1.07
57,Albuquerque,United States,30.0,268.8,129.67,74.35,2340.0,1958.12,5317.78,275.08,2736.02,0.51
59,Sarasota,United States,64.5,273.6,146.65,74.79,5225.0,2592.86,2800.0,346.0,3498.4,1.25
60,Birmingham,United States,55.0,280.8,213.78,69.43,2140.0,1775.0,2929.9,327.0,2721.01,0.93
61,Dayton,United States,55.0,261.6,136.81,67.21,1500.0,1225.0,3333.33,229.72,1975.34,0.59
62,Fresno,United States,37.5,355.2,280.82,67.72,2700.0,2300.0,4489.58,276.04,3317.28,0.74
63,Rochester,United States,56.0,295.2,150.75,67.0,1650.0,2033.33,4275.0,311.12,2913.4,0.68
65,Tulsa,United States,40.0,244.8,220.3,66.22,1962.5,1471.43,5036.78,250.08,2292.83,0.46
66,Cape Coral,United States,35.0,254.4,231.09,66.75,2750.0,2040.0,3916.67,258.28,2885.52,0.74
67,Concord,United States,60.0,283.2,174.48,83.25,1925.0,1900.0,3200.0,256.2,2757.13,0.86
68,Colorado Springs,United States,50.0,247.2,171.66,75.0,2100.0,1950.0,4563.77,281.68,2775.54,0.61
69,Charleston,United States,57.0,242.4,237.34,64.62,3666.67,2500.0,4122.22,350.56,3451.92,0.84
70,Springfield,United States,70.0,276.0,190.71,77.88,1366.67,1166.67,2833.33,223.68,2004.94,0.71
71,Grand Rapids,United States,35.0,297.6,118.29,62.38,2850.0,2075.0,5145.83,318.6,2906.87,0.56
72,Albany,United States,32.5,295.2,143.7,68.88,2000.0,1550.0,4825.0,274.2,2364.48,0.49
73,Knoxville,United States,60.11,273.6,193.04,65.4,2120.0,1611.11,3950.0,245.6,2448.86,0.62
75,Bakersfield,United States,31.0,374.4,312.5,74.0,2256.43,1966.67,3366.02,421.88,3180.45,0.94
76,Ogden,United States,85.0,268.8,121.81,62.0,1616.67,1650.0,3182.67,228.12,2415.73,0.76
77,Akron,United States,50.0,297.6,233.75,69.29,1250.0,1566.67,2786.77,276.16,2493.47,0.89
78,Baton Rouge,United States,56.0,252.0,134.22,54.0,2166.67,1700.0,3566.67,285.2,2481.42,0.7
79,Columbia,United States,50.0,247.2,162.37,60.99,2806.0,1399.5,5711.11,258.76,2178.82,0.38
80,New Haven,United States,65.0,312.0,188.61,64.28,4000.0,2333.33,4162.33,332.32,3295.54,0.79
81,Mesa,United States,64.0,333.6,177.33,76.5,2480.0,2359.33,4644.44,328.04,3338.8,0.72
85,Wichita,United States,25.0,264.0,189.57,59.26,1700.0,1250.0,5033.33,266.84,2054.67,0.41
87,Greenville,United States,0.0,235.2,166.81,74.86,2170.0,1550.0,4675.0,339.28,2366.15,0.51
90,Des Moines,United States,48.0,244.8,161.45,68.09,1500.0,1120.0,3232.0,255.68,1898.02,0.59
91,Long Beach,United States,65.0,410.4,159.71,61.12,3500.0,3050.0,4967.88,327.28,4073.51,0.82
92,Port St. Lucie,United States,67.5,273.6,172.92,59.42,2525.0,2300.0,5100.0,351.72,3225.16,0.63
94,Madison,United States,65.0,256.8,117.83,65.92,2440.0,1879.17,3535.5,296.12,2680.84,0.76
95,Reno,United States,65.0,343.2,155.07,75.06,2654.44,2166.67,2456.5,309.2,3114.2,1.27
96,Harrisburg,United States,55.5,254.4,148.18,63.17,1500.0,1650.0,2850.0,310.0,2481.25,0.87
97,Little Rock,United States,36.0,256.8,224.22,66.7,1683.33,1250.0,4110.67,239.68,2073.4,0.5
98,Oakland,United States,95.0,374.4,299.18,55.15,4866.67,3800.0,6111.11,389.72,5013.45,0.82
99,Durham,United States,36.0,271.2,135.87,65.0,2379.75,1833.33,6100.0,313.36,2654.76,0.44
101,Chattanooga,United States,100.0,242.4,221.81,65.71,2240.0,1809.83,4196.1,290.12,2729.87,0.65
104,Spokane,United States,60.0,304.8,178.08,68.4,2333.33,2042.14,3882.17,282.96,2936.38,0.76
105,Syracuse,United States,50.0,283.2,133.75,77.33,2100.0,1400.0,3612.5,264.52,2208.8,0.61
106,Arlington,United States,90.0,264.0,148.98,65.56,3900.0,3100.0,5104.4,406.08,4074.62,0.8
107,Stockton,United States,32.5,357.6,202.49,58.57,2266.67,1750.0,3090.02,294.28,2695.44,0.87
108,Lancaster,United States,51.0,312.0,180.24,73.89,2021.25,1712.5,3839.92,283.04,2612.67,0.68
111,Boise,United States,45.0,295.2,200.74,64.07,2473.08,2157.69,3833.33,269.72,3032.42,0.79
112,Scranton,United States,60.0,307.2,185.51,85.0,2500.0,1500.0,2178.0,271.44,2409.15,1.11
113,Oxnard,United States,60.0,355.2,218.64,76.17,4000.0,3200.0,4389.0,321.6,4231.61,0.96
114,Modesto,United States,40.0,388.8,296.31,62.78,2162.5,1887.5,2200.0,265.48,2940.87,1.34
115,Aurora,United States,150.0,254.4,156.84,50.8,2165.0,2165.0,4242.0,225.32,3002.36,0.71
116,Kissimmee,United States,40.0,288.0,160.06,61.43,2500.0,2166.67,2937.0,267.04,2983.2,1.02
117,Youngstown,United States,0.0,295.2,332.5,84.0,787.5,750.0,2243.0,241.56,1703.26,0.76
119,Anaheim,United States,69.5,388.8,153.19,65.2,2866.67,2666.67,4109.33,280.28,3623.64,0.88
120,Pensacola,United States,50.0,256.8,340.06,70.62,2333.33,1900.0,5000.0,276.88,2894.36,0.58
121,Victorville,United States,70.0,360.0,325.01,84.33,2433.33,1900.0,3386.0,171.68,2911.02,0.86
122,Greensboro,United States,75.0,276.0,162.37,68.37,2000.0,1550.0,3463.69,284.68,2416.42,0.7
127,Jackson,United States,42.0,264.0,265.67,74.8,950.0,850.0,2405.0,267.84,1764.31,0.73
129,Lexington,United States,32.5,283.2,182.5,70.87,2150.0,1668.75,2883.33,317.88,2555.7,0.89
130,Henderson,United States,65.0,336.0,135.18,91.25,2050.0,2450.0,4232.8,274.84,3352.27,0.79
131,Ann Arbor,United States,58.0,280.8,158.94,65.94,3900.0,2427.5,3710.25,305.28,3296.46,0.89
132,Huntsville,United States,115.0,252.0,169.21,69.67,1716.67,1650.0,5244.93,292.08,2547.96,0.49
134,Asheville,United States,20.0,283.2,261.69,69.37,5000.0,3133.33,3480.0,366.88,4134.47,1.19
135,Fort Collins,United States,25.0,264.0,152.26,59.98,2883.33,2243.67,4277.78,357.24,3102.15,0.73
136,Lakeland,United States,48.5,292.8,156.41,64.83,1700.0,1700.0,3107.0,291.04,2553.58,0.82
139,Trenton,United States,50.0,309.6,127.5,72.83,1572.5,1250.0,2102.0,363.84,2173.77,1.03
140,Lincoln,United States,20.0,244.8,98.32,68.09,1760.0,1551.0,3133.33,256.4,2238.61,0.71
141,Anchorage,United States,60.0,321.6,253.44,121.27,2260.0,2060.0,4312.5,391.48,3207.79,0.74
142,Irvine,United States,112.5,403.2,157.63,68.6,4057.27,3475.62,6306.19,313.64,4531.19,0.72
143,Plano,United States,80.0,266.4,238.65,73.43,3250.0,2500.0,5635.0,321.8,3480.28,0.62
146,Newark,United States,125.5,302.4,288.75,76.67,3000.0,2500.0,2444.0,243.04,3536.36,1.45
147,Shreveport,United States,40.0,264.0,150.0,66.7,900.0,750.0,2300.8,217.6,1488.3,0.65
148,South Bend,United States,35.0,297.6,246.75,61.33,1766.67,1083.33,2687.0,240.28,1964.29,0.73
149,Savannah,United States,40.0,247.2,147.09,87.71,3116.67,1875.0,4341.67,278.68,2675.68,0.62
150,Eugene,United States,35.0,307.2,187.2,61.33,2160.0,2050.0,3050.0,327.28,2968.01,0.97
154,Lubbock,United States,56.06,259.2,166.53,70.83,1320.0,1110.0,4204.17,277.08,1939.7,0.46
155,Salem,United States,45.0,336.0,215.14,80.5,2166.67,1933.33,4954.83,247.12,2857.09,0.58
156,Winter Haven,United States,35.0,264.0,158.05,64.83,2000.0,1500.0,2500.0,260.8,2282.68,0.91
157,Lafayette,United States,28.0,278.4,128.62,57.5,1450.0,1300.0,2624.0,245.44,2037.96,0.78
158,Laredo,United States,120.0,247.2,197.5,73.0,1450.0,750.0,2865.0,304.56,1692.26,0.59
159,Chandler,United States,121.74,266.4,178.61,69.96,3880.25,2966.67,3817.94,239.24,3842.62,1.01
160,Jersey City,United States,104.0,309.6,88.24,74.38,4500.0,2733.33,6100.0,329.76,3639.31,0.6
161,Scottsdale,United States,50.0,307.2,132.38,92.25,4010.0,2150.0,7300.0,287.04,3018.87,0.41
163,Killeen,United States,15.0,237.6,188.45,59.12,2000.0,1900.0,2948.0,231.64,2631.81,0.89
164,Tallahassee,United States,19.5,259.2,219.97,68.25,2725.0,2083.33,2936.0,352.68,3002.93,1.02
165,Peoria,United States,40.0,259.2,147.97,60.06,1360.0,1175.0,2877.0,248.88,1931.11,0.67
166,Wilmington,United States,80.0,278.4,162.37,68.37,2640.67,1773.5,3855.0,333.64,2696.28,0.7
167,Montgomery,United States,70.0,285.6,183.33,69.95,1525.0,1183.33,2861.0,259.0,2051.21,0.72
171,Fremont,United States,50.0,393.6,247.78,69.28,3762.5,3366.67,6233.33,294.6,4421.93,0.71
172,Norfolk,United States,80.0,254.4,148.98,73.62,2000.0,1400.0,5289.25,290.84,2247.84,0.42
174,Kennewick,United States,12.5,336.0,114.67,37.49,1700.0,1500.0,2867.0,247.72,2248.38,0.78
175,Irving,United States,96.0,268.8,162.23,60.43,2766.67,2566.67,6014.5,244.92,3399.05,0.57
178,Atlantic City,United States,35.0,285.6,133.33,62.25,1600.0,1400.0,2000.0,438.44,2354.62,1.18
180,Nashua,United States,32.0,278.4,174.48,87.0,2500.0,2000.0,3864.0,252.92,2824.8,0.73
181,Hialeah,United States,39.99,276.0,202.5,67.0,3916.67,3500.0,1914.4,292.6,4378.09,2.29
182,Evansville,United States,25.0,249.6,241.52,58.75,1500.0,1050.0,2180.67,270.64,1895.51,0.87
184,Gulfport,United States,30.0,192.0,144.3,72.0,1450.0,1040.0,2323.2,279.44,1757.74,0.76
185,Appleton,United States,35.0,278.4,157.79,56.67,1800.0,1200.0,2966.0,257.24,1985.1,0.67
187,Tacoma,United States,57.5,321.6,192.59,63.12,2933.33,2550.0,5591.94,318.36,3503.17,0.63
191,College Station,United States,42.5,280.8,178.87,63.05,2533.33,1533.75,2387.0,255.52,2354.49,0.99
192,Roanoke,United States,125.0,276.0,138.63,68.86,2400.0,1800.0,4391.67,264.96,2673.45,0.61
193,Thousand Oaks,United States,50.0,364.8,159.71,61.12,3400.0,3333.33,5080.0,272.6,4241.56,0.83
194,Fargo,United States,42.0,283.2,154.44,65.5,1666.67,1265.0,3219.0,347.92,2158.06,0.67
195,Green Bay,United States,39.0,256.8,117.83,63.8,2233.33,1916.67,2785.0,237.48,2631.58,0.94
197,Amarillo,United States,30.0,232.8,101.38,62.6,995.0,1044.12,3058.0,245.24,1716.14,0.56
198,Gainesville,United States,35.0,278.4,187.84,84.57,2216.67,1866.67,2454.0,346.44,2798.92,1.14
199,Huntington,United States,35.0,268.8,194.69,60.83,1050.0,833.33,3766.67,229.56,1622.21,0.43
200,Olympia,United States,0.0,316.8,168.89,67.0,2096.25,1959.0,4124.74,259.04,2770.73,0.67
201,Yonkers,United States,130.43,307.2,169.06,80.0,3000.0,3600.0,3639.0,334.64,4621.33,1.27
203,Huntington Beach,United States,69.0,405.6,166.85,57.7,4066.67,3566.67,4815.0,302.84,4568.66,0.95
205,Tempe,United States,64.0,309.6,209.47,78.04,2066.67,2216.67,4241.33,246.68,3124.46,0.74
206,Overland Park,United States,50.0,273.6,161.45,68.09,2800.0,2050.0,5871.11,259.56,2862.7,0.49
210,Clarksville,United States,50.0,252.0,169.21,69.67,1850.0,1500.0,2681.0,283.68,2324.56,0.87
211,Cedar Rapids,United States,40.0,242.4,251.82,53.0,2300.0,1475.0,3398.0,281.88,2344.1,0.69
212,Sioux Falls,United States,35.0,249.6,150.75,66.38,2166.67,1333.33,3519.0,313.6,2148.66,0.61
213,Erie,United States,26.5,290.4,216.69,73.92,950.0,875.0,2596.0,372.48,1854.99,0.71
214,Ontario,United States,73.35,362.4,222.49,79.6,2125.0,1705.17,3274.68,232.32,2675.33,0.82
215,Hagerstown,United States,60.0,304.8,255.83,82.5,1413.33,1566.67,5000.0,382.48,2652.28,0.53
216,Spartanburg,United States,31.0,252.0,223.48,63.0,2050.0,1475.0,3583.33,358.68,2403.16,0.67
217,Fort Lauderdale,United States,59.5,295.2,138.95,66.58,3822.22,2922.73,4948.0,294.28,3777.24,0.76
219,Murfreesboro,United States,38.0,249.6,194.29,87.88,4550.0,1733.33,3266.0,231.84,2534.94,0.78
222,Newport News,United States,70.0,297.6,159.71,81.66,1900.0,2100.0,2885.0,276.32,2985.29,1.03
223,Rancho Cucamonga,United States,60.0,379.2,146.96,58.0,3400.0,3500.0,4389.0,271.16,4415.32,1.01
225,Oceanside,United States,87.0,372.0,156.66,79.0,4400.0,3150.0,3856.0,326.72,4171.38,1.08
228,Medford,United States,25.0,340.8,214.5,96.8,2900.0,2333.33,2688.0,278.68,3289.11,1.22
231,Cary,United States,29.0,283.2,158.05,59.67,2644.5,2066.67,7000.0,287.84,2884.43,0.41
232,Ocala,United States,38.5,278.4,168.49,63.19,2133.33,1800.0,3400.0,293.36,2641.94,0.78
234,Corona,United States,30.0,376.8,212.65,79.75,2966.67,2700.0,4198.0,379.84,3779.04,0.9
237,Champaign,United States,17.5,304.8,107.06,50.0,1850.0,1375.0,4660.07,259.36,2113.72,0.45
239,Lakewood,United States,68.5,309.6,134.82,67.0,2650.0,2337.5,4700.0,330.72,3248.14,0.69
240,Frederick,United States,35.0,297.6,300.0,80.5,2800.0,2000.0,4232.0,279.92,2993.02,0.71
244,Palmdale,United States,60.0,388.8,241.67,53.33,2095.0,2095.0,3668.0,194.08,3032.88,0.83
246,Midland,United States,28.38,266.4,148.54,63.0,2200.0,2000.0,5137.0,280.0,2786.32,0.54
251,Macon,United States,20.0,208.8,212.96,77.5,1291.67,1345.0,5166.67,314.72,2178.98,0.42
252,Sunnyvale,United States,175.0,391.2,128.31,57.85,4666.67,3666.67,7125.0,321.8,4740.83,0.67
254,Escondido,United States,72.0,396.0,203.02,66.25,2700.0,2575.0,3793.0,338.52,3650.79,0.96
255,Pasadena,United States,100.0,379.2,187.35,61.67,3750.0,3500.0,4811.0,333.92,4562.14,0.95
257,Naperville,United States,125.0,348.0,174.95,53.0,3500.0,2450.0,5690.0,231.92,3382.87,0.59
258,Binghamton,United States,60.0,268.8,114.72,67.88,1750.0,1300.0,7500.0,307.68,2119.08,0.28
259,Bellevue,United States,90.0,364.8,201.54,65.62,4466.67,3650.0,7833.33,346.68,4718.64,0.6
260,Topeka,United States,34.0,244.8,128.33,65.67,1400.0,1400.0,2711.0,264.24,2137.04,0.79
265,Pueblo,United States,43.0,285.6,358.16,57.8,1400.0,1633.33,3643.78,289.2,2667.09,0.73
267,Torrance,United States,50.0,381.6,140.05,57.7,4100.0,3950.0,4463.0,292.76,4872.11,1.09
269,Surprise,United States,62.0,292.8,209.47,78.1,2550.0,2050.0,3383.0,272.8,2965.17,0.88
270,Roseville,United States,27.5,396.0,219.25,62.5,2733.33,2600.0,3824.0,356.6,3661.85,0.96
274,Greeley,United States,45.0,240.0,158.16,60.44,1200.0,1250.0,2802.0,316.32,2069.92,0.74
276,Las Cruces,United States,30.0,264.0,127.04,57.5,1250.0,1000.0,4066.67,244.16,1722.7,0.42
278,Bloomington,United States,30.0,278.4,128.62,57.5,1833.33,1666.33,2209.0,252.6,2413.45,1.09
279,Warren,United States,15.0,252.0,155.19,56.67,1250.0,1655.0,2970.0,236.04,2369.9,0.8
281,Coral Springs,United States,50.0,290.4,219.39,65.7,4000.0,3700.0,3967.0,283.04,4608.53,1.16
282,Round Rock,United States,85.0,278.4,128.18,71.25,2700.0,2500.0,5000.0,238.64,3301.47,0.66
285,Burlington,United States,20.0,283.2,177.8,70.83,2552.33,1982.67,4947.56,338.72,2873.22,0.58
286,Bellingham,United States,28.0,312.0,194.78,74.38,2766.67,2433.33,3388.8,352.32,3394.81,1.0
294,Boulder,United States,145.0,307.2,151.71,77.86,4166.67,3150.0,5177.78,401.36,4233.13,0.82
295,Abilene,United States,50.0,268.8,275.0,62.5,1500.0,1500.0,4015.89,268.6,2424.9,0.6
296,Berkeley,United States,90.0,374.4,193.45,71.25,5166.67,4083.33,4655.0,369.0,5181.43,1.11
297,Redding,United States,48.25,376.8,246.18,67.62,2087.5,2000.0,2885.0,351.8,3090.65,1.07
298,Billings,United States,28.0,256.8,138.54,67.5,1966.67,1950.0,2944.0,280.76,2721.6,0.92
299,Yuba City,United States,68.0,374.4,165.7,68.33,2100.0,1800.0,3212.0,328.8,2805.23,0.87
300,Duluth,United States,40.0,254.4,147.81,75.0,2841.67,2639.67,2793.0,381.88,3538.76,1.27
302,Kingsport,United States,20.0,297.6,211.7,65.14,1325.0,1000.0,1975.0,373.64,1968.08,1.0
305,Sugar Land,United States,37.5,247.2,164.75,69.38,2417.5,1824.5,7089.0,243.6,2586.93,0.36
306,Iowa City,United States,32.0,264.0,131.68,77.0,1550.0,1550.0,2693.0,442.84,2497.52,0.93
308,Chico,United States,43.5,396.0,265.22,58.57,2375.0,2075.0,3616.67,278.28,3116.57,0.86
310,Clearwater,United States,67.5,283.2,169.61,70.83,4000.0,2275.0,3313.6,301.36,3167.5,0.96
324,West Palm Beach,United States,70.0,276.0,165.59,65.7,4166.67,3233.33,4970.83,279.12,4089.74,0.82
325,Everett,United States,100.0,316.8,101.21,68.3,2566.67,2466.67,4467.33,316.76,3369.74,0.75
330,Bend,United States,30.0,336.0,173.47,81.28,3375.0,2760.0,3163.0,428.12,3808.87,1.2
335,Eau Claire,United States,47.5,290.4,173.97,73.5,1500.0,950.0,2758.0,319.56,1854.93,0.67
346,Renton,United States,80.0,331.2,161.79,56.25,3245.0,2375.0,4281.0,250.64,3254.88,0.76
350,Edison,United States,200.0,285.6,133.33,62.25,2500.0,1900.0,5500.0,259.08,2840.26,0.52
355,Idaho Falls,United States,25.0,304.8,117.1,60.25,1566.67,1566.67,3800.0,237.64,2311.46,0.61
359,Orem,United States,127.5,297.6,156.13,64.17,3366.67,1732.33,3716.0,227.28,2605.01,0.7
362,Santa Monica,United States,100.0,405.6,164.0,67.95,4900.0,3700.0,6512.0,305.52,4743.07,0.73
365,State College,United States,88.0,300.0,189.44,73.33,2766.67,2183.33,3291.67,247.32,3081.42,0.94
369,Mountain View,United States,83.4,350.4,165.7,68.33,4200.0,4200.0,7404.0,356.4,5224.23,0.71
372,Lawrence,United States,34.0,254.4,235.15,66.66,1780.0,1050.0,2936.0,291.8,1932.01,0.66
374,Cheyenne,United States,35.0,252.0,167.69,68.5,1425.0,1425.0,3566.67,246.88,2195.07,0.62
378,Centreville,United States,200.0,256.8,148.98,65.56,4000.0,3800.0,2425.0,302.84,4774.18,1.97
379,Camden,United States,57.0,266.4,176.67,76.67,3650.0,1525.0,3087.75,318.8,2420.54,0.78
383,Passaic,United States,220.0,309.6,88.24,65.0,3700.0,2000.0,2640.0,245.24,2928.08,1.11
389,Bayonne,United States,75.0,295.2,132.48,64.21,2600.0,3500.0,3398.0,208.24,4275.13,1.26
397,Carson City,United States,30.0,348.0,137.72,62.5,2975.0,2350.0,6000.0,258.76,3186.98,0.53
399,White Plains,United States,100.0,307.2,169.45,68.75,2800.0,2200.0,2500.0,371.56,3216.96,1.29
403,Ithaca,United States,45.0,259.2,99.76,68.0,2750.0,2233.33,3216.67,254.44,2959.73,0.92
407,Helena,United States,25.0,285.6,175.91,79.67,2150.0,2083.33,4300.0,378.64,3028.15,0.7
423,Annapolis,United States,85.0,261.6,201.83,64.12,3400.0,2400.0,8888.0,297.44,3309.99,0.37
431,South Miami Heights,United States,50.0,292.8,90.0,72.5,1800.0,2000.0,2800.0,516.52,3021.82,1.08
432,Aventura,United States,52.0,388.8,201.69,72.5,3633.33,3500.0,4500.0,342.6,4557.59,1.01
440,Norristown,United States,50.0,228.0,149.11,68.86,1200.0,1050.0,2000.0,211.12,1757.09,0.88
446,Juneau,United States,40.0,336.0,158.47,101.0,2358.0,2091.0,4486.0,337.12,3063.59,0.68
460,Palm Springs,United States,24.0,379.2,362.73,68.83,3125.0,2366.67,4000.0,341.32,3542.75,0.89
461,South Bradenton,United States,40.0,276.0,156.41,74.52,1800.0,1800.0,3000.0,306.8,2653.73,0.88
462,Herndon,United States,200.0,307.2,129.36,65.0,2200.0,2250.0,5000.0,278.08,3229.64,0.65
468,Blue Island,United States,50.0,276.0,259.68,75.88,3900.0,3250.0,6222.22,390.76,4302.32,0.69
480,Rutherford,United States,120.0,252.0,175.0,65.0,2566.67,2000.0,3200.0,259.64,2871.64,0.9
485,South Orange Village,United States,35.0,259.2,176.67,66.33,2400.0,1850.0,4000.0,390.36,2777.56,0.69
490,East Rancho Dominguez,United States,32.5,304.8,126.25,61.0,2000.0,1500.0,5000.0,250.2,2274.75,0.45
491,North New Hyde Park,United States,69.57,297.6,134.6,65.57,2600.0,2200.0,5608.33,346.4,3113.74,0.56
523,Boca Raton,United States,50.0,302.4,219.39,77.37,5250.0,5000.0,6172.0,306.68,5955.84,0.96
524,Beaverton,United States,100.0,326.4,177.75,72.78,3000.0,2800.0,4335.0,282.52,3759.45,0.87
533,Lawton,United States,20.0,208.8,153.72,62.0,853.75,1300.5,2881.0,256.72,2001.74,0.69
534,Missoula,United States,0.0,345.6,145.61,65.83,2584.46,2450.0,2737.0,317.48,3324.52,1.21
538,Terre Haute,United States,50.0,312.0,163.78,52.5,2100.0,1475.0,5022.0,208.04,2261.32,0.45
540,Suffolk,United States,30.0,295.2,90.0,50.0,1100.0,900.0,2500.0,213.2,1578.4,0.63
543,Conroe,United States,0.0,228.0,246.25,106.25,2100.0,1800.0,3571.0,251.24,2631.74,0.74
547,Muncie,United States,18.0,247.2,250.0,77.5,1000.0,800.0,1861.0,332.4,1725.1,0.93
548,Fort Myers,United States,30.0,283.2,169.61,71.25,2525.0,2100.0,3236.0,312.72,2966.78,0.92
551,Redwood City,United States,74.0,400.8,141.67,62.33,5100.0,4500.0,7186.0,424.08,5602.88,0.78
556,Flagstaff,United States,30.0,300.0,177.04,76.5,2833.33,2466.67,3224.0,251.84,3302.05,1.02
558,Pleasanton,United States,55.0,386.4,198.42,58.57,3900.0,3600.0,6709.6,297.52,4595.91,0.68
560,Farmington Hills,United States,185.0,285.6,152.98,66.67,2100.0,2100.0,4436.0,321.44,3111.69,0.7
562,Valdosta,United States,86.96,228.0,219.0,97.38,1150.0,937.5,3462.67,223.36,1792.2,0.52
564,Kokomo,United States,0.0,278.4,128.62,55.0,1650.0,1425.0,2000.0,276.4,2163.42,1.08
572,San Ramon,United States,45.0,364.8,197.1,67.75,4800.0,3650.0,4750.0,384.48,4709.13,0.99
573,Oshkosh,United States,25.0,237.6,177.58,66.11,1800.0,1500.0,2884.0,257.96,2264.25,0.79
586,Pocatello,United States,25.0,292.8,117.1,60.25,1100.0,1250.0,4483.33,218.88,1964.03,0.44
591,Wenatchee,United States,30.0,319.2,132.5,56.33,2933.33,2308.33,6583.33,282.96,3129.32,0.48
592,Waukesha,United States,58.0,254.4,157.79,62.08,1502.1,1151.58,3232.0,244.32,1928.17,0.6
593,Redmond,United States,100.0,321.6,161.79,56.25,3766.67,3200.0,6613.86,281.52,4121.16,0.62
594,Sumter,United States,20.0,254.4,186.67,56.66,662.5,812.5,2500.0,223.56,1553.79,0.62
599,Walnut Creek,United States,60.0,427.2,235.41,78.17,4333.33,3666.67,5600.0,296.24,4763.69,0.85
601,Sheboygan,United States,49.0,237.6,152.5,55.0,1525.0,1200.0,3000.0,256.16,1950.26,0.65
602,Delray Beach,United States,27.5,268.8,176.67,65.7,6466.67,4000.0,4268.4,358.52,4897.19,1.15
605,Daytona Beach,United States,46.0,295.2,160.06,61.43,2433.33,2233.0,2903.0,302.16,3097.85,1.07
606,Rocklin,United States,37.5,388.8,296.31,62.78,2800.0,2350.0,5373.0,216.92,3352.31,0.62
609,Rockville,United States,140.0,264.0,148.98,65.56,3750.0,3250.0,6020.83,333.52,4202.06,0.7
610,Ames,United States,35.0,259.2,121.02,66.43,1625.0,1100.0,2832.8,276.04,1857.69,0.66
611,Dubuque,United States,45.0,304.8,111.67,53.33,1200.0,750.0,6250.0,273.92,1538.72,0.25
612,Saratoga Springs,United States,42.5,235.2,167.02,68.33,4100.0,2500.0,2400.0,516.92,3529.97,1.47
618,Alpharetta,United States,95.0,230.4,182.41,58.33,3100.0,2166.67,4738.0,308.24,3041.05,0.64
626,Great Falls,United States,55.0,345.6,145.61,65.83,1600.0,2250.0,1000.0,266.68,3128.72,3.13
629,Chapel Hill,United States,0.0,276.0,149.11,65.0,3750.0,2400.0,5500.0,271.52,3161.63,0.57
630,Rocky Mount,United States,40.0,254.4,186.02,68.4,2900.0,2500.0,3000.0,215.76,3264.58,1.09
632,Fairbanks,United States,35.0,316.8,314.27,130.0,2633.33,2600.0,1500.0,430.0,3826.07,2.55
633,Johnstown,United States,60.0,290.4,187.39,116.2,600.0,844.67,5416.67,276.2,1774.86,0.33
642,San Luis Obispo,United States,40.0,398.4,193.36,64.38,4216.67,3100.0,3566.67,293.84,4089.98,1.15
651,Des Plaines,United States,75.0,288.0,163.78,30.0,3500.0,2000.0,8333.33,217.0,2773.78,0.33
658,Bozeman,United States,0.0,268.8,138.54,73.12,2950.0,2650.0,4361.11,274.84,3405.3,0.78
665,Cape Girardeau,United States,25.0,249.6,210.78,70.5,1400.0,1200.0,5200.0,206.4,1962.28,0.38
671,Bentonville,United States,27.5,244.8,161.45,68.09,1550.0,1350.0,4250.0,249.36,2101.2,0.49
672,Normal,United States,92.5,283.2,231.57,60.4,2200.0,1500.0,2600.0,341.8,2509.47,0.97
695,Stillwater,United States,17.5,252.0,223.75,67.0,1250.0,850.0,2578.5,276.52,1686.77,0.65
700,Minot,United States,35.0,220.8,131.25,43.74,1100.0,975.0,2850.0,332.64,1738.43,0.61
701,Paducah,United States,30.0,264.0,200.0,50.67,900.0,900.0,4583.33,175.4,1620.07,0.35
708,McLean,United States,170.0,276.0,175.26,76.5,2800.0,3000.0,4236.0,357.56,4055.32,0.96
717,Roseburg,United States,20.0,326.4,100.0,55.0,2350.0,2625.0,1200.0,248.88,3375.28,2.81
728,Eureka,United States,20.0,388.8,206.67,72.5,1933.33,1766.67,2766.67,321.84,2776.48,1.0
746,McMinnville,United States,35.0,316.8,204.17,89.0,1950.0,1600.0,2333.33,265.0,2509.97,1.08
766,Issaquah,United States,80.0,316.8,161.79,58.75,2500.0,2400.0,5750.0,264.84,3282.18,0.57
776,Kailua,United States,70.0,336.0,290.0,54.67,3500.0,4000.0,6500.0,410.76,5161.43,0.79
790,Pullman,United States,30.0,271.2,91.61,56.33,2200.0,1000.0,1500.0,297.24,1746.38,1.16
793,Russellville,United States,50.0,244.8,193.33,66.22,950.0,820.0,3333.33,239.44,1613.79,0.48
796,Laramie,United States,0.0,247.2,166.87,45.0,1800.0,1200.0,4200.0,197.36,1856.43,0.44
800,Galesburg,United States,40.0,307.2,156.84,50.8,900.0,800.0,1750.0,309.04,1663.88,0.95
811,Princeton,United States,80.0,309.6,202.62,72.83,5333.33,3833.33,4000.0,451.28,4949.66,1.24
819,Key West,United States,56.5,273.6,222.0,63.5,8333.33,7093.33,4683.33,389.76,8098.69,1.73
874,Bainbridge Island,United States,50.0,331.2,225.0,68.0,4000.0,3200.0,9000.0,236.6,4110.8,0.46
906,Fort Walton Beach,United States,40.0,252.0,183.33,97.25,2600.0,1900.0,4700.0,375.8,2848.38,0.61
910,Katy,United States,50.0,249.6,166.93,61.0,1966.67,1875.0,5000.0,297.44,2699.97,0.54
913,Somers,United States,60.0,309.6,202.62,60.0,2900.0,2433.33,5000.0,311.0,3376.55,0.68
954,Doylestown,United States,70.0,316.8,114.4,63.5,3000.0,2500.0,7500.0,303.52,3368.22,0.45
963,New Port Richey,United States,37.5,273.6,146.65,74.79,1900.0,1800.0,7680.0,312.04,2644.58,0.34
1017,Gig Harbor,United States,62.0,336.0,216.67,71.0,3000.0,2400.0,4500.0,296.64,3382.31,0.75
1023,Warrenton,United States,152.5,256.8,142.41,53.75,3000.0,2500.0,2400.0,289.32,3394.78,1.41
1066,Brownville,United States,21.74,247.2,197.5,73.0,1200.0,1125.0,2024.0,259.56,1924.0,0.95
